Mileage,Car_Age,Car_Model,Last_Service_Date,Driving_Conditions,Recent_Issues,Maintenance_Needed
16795,1,Hyundai Elantra,2023-06-13 14:51:04.949830,Hot,Brake Issue,1
1860,5,Hyundai Elantra,2023-10-19 14:51:04.949830,Rainy,Battery Issue,1
77820,6,Nissan Altima,2022-06-05 14:51:04.949830,Cold,None,1
55886,5,Kia Optima,2023-10-30 14:51:04.949830,Hot,Battery Issue,1
7265,6,Nissan Altima,2023-05-26 14:51:04.949830,Cold,None,1
83386,6,Toyota Corolla,2024-10-06 14:51:04.949830,Cold,Tire Issue,1
38194,7,Volkswagen Jetta,2022-05-05 14:51:04.949830,Hot,Transmission,1
88498,4,Mazda CX-5,2023-08-16 14:51:04.949830,Rainy,None,1
45131,8,Kia Optima,2022-09-11 14:51:04.949830,Hot,None,1
61263,7,Nissan Altima,2024-07-27 14:51:04.949830,Hot,None,1
17023,9,Nissan Altima,2022-04-18 14:51:04.949830,Cold,Brake Issue,1
42090,7,Chevrolet Malibu,2023-11-13 14:51:04.949830,Hot,Tire Issue,1
68221,3,Nissan Altima,2023-01-21 14:51:04.949830,Rainy,Brake Issue,1
65820,3,Subaru Outback,2022-09-20 14:51:04.949830,Hot,Transmission,1
1769,8,Mazda CX-5,2022-05-03 14:51:04.949830,Rainy,None,1
60735,5,Subaru Outback,2023-04-19 14:51:04.949830,Rainy,Tire Issue,1
63955,4,Mazda CX-5,2023-11-24 14:51:04.949830,Cold,Tire Issue,1
65925,8,Volkswagen Jetta,2023-06-03 14:51:04.949830,Normal,Engine Noise,1
68969,6,Mazda CX-5,2023-09-20 14:51:04.949830,Normal,Transmission,1
6311,2,Subaru Outback,2023-12-02 14:51:04.949830,Cold,Tire Issue,1
84104,4,Mazda CX-5,2022-06-26 14:51:04.949830,Hot,None,1
54707,4,Volkswagen Jetta,2024-02-20 14:51:04.949830,Cold,None,1
86305,6,Volkswagen Jetta,2023-04-03 14:51:04.949830,Rainy,Tire Issue,1
29693,6,Toyota Corolla,2024-12-07 14:51:04.949830,Normal,Brake Issue,1
72932,1,Mazda CX-5,2022-06-03 14:51:04.949830,Cold,Transmission,1
94016,8,Chevrolet Malibu,2024-10-04 14:51:04.949830,Hot,None,1
26658,6,Hyundai Elantra,2024-06-29 14:51:04.949830,Cold,Tire Issue,1
85478,3,Honda Civic,2023-10-25 14:51:04.949830,Normal,None,1
19431,9,Volkswagen Jetta,2022-07-22 14:51:04.949830,Cold,Tire Issue,1
3747,2,Ford Focus,2024-06-21 14:51:04.949830,Cold,Transmission,1
60150,8,Hyundai Elantra,2023-07-04 14:51:04.949830,Normal,Tire Issue,1
66725,3,Kia Optima,2023-02-04 14:51:04.949830,Rainy,Engine Noise,1
85654,5,Mazda CX-5,2022-12-08 14:51:04.949830,Rainy,Tire Issue,1
36773,6,Subaru Outback,2023-10-21 14:51:04.949830,Normal,Tire Issue,1
68435,6,Honda Civic,2023-03-22 14:51:04.949830,Cold,Transmission,1
57886,4,Ford Focus,2023-04-29 14:51:04.949830,Normal,Tire Issue,1
67803,3,Hyundai Elantra,2023-12-27 14:51:04.949830,Rainy,Transmission,1
32551,4,Mazda CX-5,2024-03-27 14:51:04.949830,Hot,Engine Noise,1
12394,1,Toyota Corolla,2024-05-04 14:51:04.949830,Cold,Transmission,1
70092,4,Kia Optima,2024-04-24 14:51:04.949830,Rainy,None,1
4890,1,Honda Civic,2023-11-25 14:51:04.949830,Cold,Transmission,1
42606,1,Chevrolet Malibu,2024-05-27 14:51:04.949830,Normal,Engine Noise,1
97276,6,Toyota Corolla,2022-05-07 14:51:04.949830,Hot,Battery Issue,1
81038,5,Ford Focus,2023-06-23 14:51:04.949830,Normal,Tire Issue,1
88313,4,Honda Civic,2024-11-29 14:51:04.949830,Hot,Transmission,1
11627,3,Toyota Corolla,2024-06-08 14:51:04.949830,Cold,Tire Issue,1
9792,1,Kia Optima,2022-07-11 14:51:04.949830,Cold,Brake Issue,1
74969,6,Chevrolet Malibu,2024-04-15 14:51:04.949830,Normal,None,1
44001,2,Toyota Corolla,2023-11-24 14:51:04.949830,Hot,None,1
77552,8,Nissan Altima,2023-05-17 14:51:04.949830,Hot,Brake Issue,1
24897,5,Chevrolet Malibu,2024-01-08 14:51:04.949830,Cold,Brake Issue,1
69148,7,Ford Focus,2024-11-05 14:51:04.949830,Normal,Transmission,1
24483,2,Kia Optima,2022-02-28 14:51:04.949830,Hot,Brake Issue,1
49555,8,Mazda CX-5,2024-07-06 14:51:04.949830,Cold,Battery Issue,1
18159,2,Subaru Outback,2022-09-23 14:51:04.949830,Rainy,Tire Issue,1
81077,4,Subaru Outback,2022-02-17 14:51:04.949830,Normal,Tire Issue,1
36920,1,Subaru Outback,2024-12-25 14:51:04.949830,Rainy,Engine Noise,1
93067,5,Honda Civic,2024-01-23 14:51:04.949830,Normal,Brake Issue,1
68121,9,Ford Focus,2023-07-07 14:51:04.949830,Cold,Brake Issue,1
70479,1,Kia Optima,2023-03-17 14:51:04.949830,Hot,Battery Issue,1
90475,9,Chevrolet Malibu,2023-03-10 14:51:04.949830,Hot,None,1
20457,8,Honda Civic,2023-11-04 14:51:04.949830,Hot,None,1
67557,6,Ford Focus,2022-06-29 14:51:04.949830,Normal,Tire Issue,1
78189,7,Mazda CX-5,2025-01-10 14:51:04.949830,Cold,Tire Issue,1
79953,3,Nissan Altima,2023-11-23 14:51:04.949830,Rainy,Transmission,1
53995,1,Kia Optima,2022-10-07 14:51:04.949830,Cold,Battery Issue,1
41757,5,Subaru Outback,2023-07-08 14:51:04.949830,Rainy,Engine Noise,1
10692,2,Toyota Corolla,2022-07-18 14:51:04.949830,Normal,Engine Noise,1
46758,5,Kia Optima,2022-04-16 14:51:04.949830,Normal,Battery Issue,1
73409,8,Volkswagen Jetta,2024-09-13 14:51:04.949830,Rainy,Engine Noise,1
72211,9,Ford Focus,2023-12-19 14:51:04.949830,Rainy,None,1
66697,2,Hyundai Elantra,2022-10-23 14:51:04.949830,Rainy,Engine Noise,1
38065,3,Mazda CX-5,2022-08-20 14:51:04.949830,Cold,Engine Noise,1
93093,3,Nissan Altima,2023-06-21 14:51:04.949830,Rainy,Battery Issue,1
33606,1,Mazda CX-5,2024-02-27 14:51:04.949830,Normal,Battery Issue,1
12534,8,Kia Optima,2022-07-02 14:51:04.949830,Normal,Engine Noise,1
95663,6,Hyundai Elantra,2022-10-07 14:51:04.949830,Hot,Brake Issue,1
41397,8,Volkswagen Jetta,2022-02-27 14:51:04.949830,Rainy,Battery Issue,1
92387,9,Chevrolet Malibu,2022-10-03 14:51:04.949830,Cold,Transmission,1
2016,5,Toyota Corolla,2022-07-06 14:51:04.949830,Cold,Transmission,1
90789,3,Hyundai Elantra,2023-11-01 14:51:04.949830,Cold,None,1
56591,5,Ford Focus,2024-11-03 14:51:04.949830,Hot,Engine Noise,1
90812,5,Subaru Outback,2023-07-10 14:51:04.949830,Normal,Brake Issue,1
24247,5,Volkswagen Jetta,2024-01-20 14:51:04.949830,Cold,None,1
25300,3,Toyota Corolla,2023-10-27 14:51:04.949830,Normal,Engine Noise,1
75065,4,Nissan Altima,2024-04-30 14:51:04.949830,Hot,Battery Issue,1
83798,9,Subaru Outback,2024-09-14 14:51:04.949830,Rainy,Transmission,1
10268,9,Kia Optima,2022-07-21 14:51:04.949830,Rainy,Tire Issue,1
87807,2,Hyundai Elantra,2024-05-17 14:51:04.949830,Rainy,Brake Issue,1
13185,8,Toyota Corolla,2023-07-25 14:51:04.949830,Cold,Tire Issue,1
64704,8,Honda Civic,2023-09-20 14:51:04.949830,Rainy,Transmission,1
87779,7,Chevrolet Malibu,2024-09-17 14:51:04.949830,Cold,Tire Issue,1
40099,8,Chevrolet Malibu,2024-09-14 14:51:04.949830,Hot,Battery Issue,1
9571,3,Volkswagen Jetta,2024-07-31 14:51:04.949830,Hot,Engine Noise,1
39044,6,Nissan Altima,2024-09-15 14:51:04.949830,Cold,Battery Issue,1
52214,1,Volkswagen Jetta,2022-02-23 14:51:04.949830,Normal,Tire Issue,1
62228,7,Honda Civic,2023-04-12 14:51:04.949830,Rainy,Battery Issue,1
49984,1,Ford Focus,2022-11-23 14:51:04.949830,Rainy,Transmission,1
41774,9,Nissan Altima,2024-06-30 14:51:04.949830,Rainy,Brake Issue,1
3568,1,Mazda CX-5,2024-01-14 14:51:04.949830,Cold,Battery Issue,1
63592,1,Ford Focus,2022-11-12 14:51:04.949830,Hot,Transmission,1
68563,7,Nissan Altima,2024-11-01 14:51:04.949830,Rainy,Brake Issue,1
3695,2,Nissan Altima,2024-11-19 14:51:04.949830,Hot,Engine Noise,1
49190,5,Honda Civic,2023-11-13 14:51:04.949830,Rainy,Tire Issue,1
6258,8,Kia Optima,2023-04-20 14:51:04.949830,Rainy,Engine Noise,1
88538,8,Honda Civic,2024-09-30 14:51:04.949830,Cold,None,1
40504,3,Nissan Altima,2022-04-15 14:51:04.949830,Normal,Transmission,1
34159,7,Toyota Corolla,2024-11-10 14:51:04.949830,Cold,Brake Issue,1
14986,3,Ford Focus,2024-03-18 14:51:04.949830,Rainy,Battery Issue,1
62858,6,Honda Civic,2023-03-15 14:51:04.949830,Rainy,Engine Noise,1
13666,6,Kia Optima,2024-01-18 14:51:04.949830,Normal,Brake Issue,1
39660,3,Hyundai Elantra,2022-10-19 14:51:04.949830,Hot,Transmission,1
4561,7,Volkswagen Jetta,2024-02-09 14:51:04.949830,Hot,None,1
27854,3,Nissan Altima,2022-06-15 14:51:04.949830,Rainy,Engine Noise,1
65505,8,Mazda CX-5,2022-08-02 14:51:04.949830,Hot,Tire Issue,1
53251,4,Hyundai Elantra,2022-12-17 14:51:04.949830,Rainy,Brake Issue,1
23662,1,Chevrolet Malibu,2024-02-11 14:51:04.949830,Normal,Tire Issue,1
9392,4,Subaru Outback,2022-06-20 14:51:04.949830,Normal,Brake Issue,1
31535,7,Kia Optima,2023-12-31 14:51:04.949830,Rainy,Brake Issue,1
79603,4,Mazda CX-5,2022-04-19 14:51:04.949830,Normal,Transmission,1
53256,6,Subaru Outback,2024-03-23 14:51:04.949830,Cold,Transmission,1
90135,9,Kia Optima,2024-08-31 14:51:04.949830,Cold,Transmission,1
36222,1,Toyota Corolla,2024-01-24 14:51:04.949830,Normal,Battery Issue,1
78373,5,Volkswagen Jetta,2022-10-04 14:51:04.949830,Rainy,Brake Issue,1
80575,7,Hyundai Elantra,2023-09-22 14:51:04.949830,Rainy,Engine Noise,1
97354,1,Ford Focus,2022-07-23 14:51:04.949830,Normal,Tire Issue,1
85651,4,Kia Optima,2022-09-04 14:51:04.949830,Hot,Transmission,1
64335,6,Ford Focus,2024-08-31 14:51:04.949830,Cold,Transmission,1
11965,2,Volkswagen Jetta,2022-04-27 14:51:04.949830,Hot,Tire Issue,1
25538,5,Nissan Altima,2023-11-09 14:51:04.949830,Rainy,Tire Issue,1
71592,1,Chevrolet Malibu,2023-08-27 14:51:04.949830,Rainy,Brake Issue,1
99018,6,Hyundai Elantra,2024-04-19 14:51:04.949830,Hot,Transmission,1
9110,6,Volkswagen Jetta,2024-10-05 14:51:04.949830,Normal,Tire Issue,1
80309,4,Volkswagen Jetta,2022-12-17 14:51:04.949830,Hot,Battery Issue,1
28266,8,Toyota Corolla,2022-11-22 14:51:04.949830,Hot,Battery Issue,1
53992,4,Subaru Outback,2024-08-05 14:51:04.949830,Cold,Transmission,1
83948,8,Chevrolet Malibu,2022-04-24 14:51:04.949830,Cold,Tire Issue,1
99806,8,Hyundai Elantra,2023-08-16 14:51:04.949830,Hot,Brake Issue,1
7910,5,Nissan Altima,2023-08-19 14:51:04.949830,Hot,Brake Issue,1
91982,4,Nissan Altima,2023-04-01 14:51:04.949830,Rainy,Brake Issue,1
1206,2,Honda Civic,2023-05-15 14:51:04.949830,Cold,None,1
88054,3,Volkswagen Jetta,2024-08-06 14:51:04.949830,Cold,Transmission,1
88897,3,Kia Optima,2024-11-14 14:51:04.949830,Rainy,Brake Issue,1
24419,4,Toyota Corolla,2024-04-25 14:51:04.949830,Normal,Battery Issue,1
51636,4,Chevrolet Malibu,2024-05-16 14:51:04.949830,Cold,Tire Issue,1
51015,5,Nissan Altima,2023-12-19 14:51:04.949830,Cold,Engine Noise,1
55268,4,Hyundai Elantra,2023-09-29 14:51:04.949830,Normal,Engine Noise,1
88939,8,Honda Civic,2022-05-16 14:51:04.949830,Cold,Brake Issue,1
19141,6,Hyundai Elantra,2022-03-10 14:51:04.949830,Cold,Engine Noise,1
81356,6,Toyota Corolla,2023-07-09 14:51:04.949830,Normal,Engine Noise,1
72910,8,Kia Optima,2022-04-05 14:51:04.949830,Normal,None,1
57044,7,Honda Civic,2022-08-18 14:51:04.949830,Hot,Battery Issue,1
68214,8,Honda Civic,2024-08-23 14:51:04.949830,Rainy,Battery Issue,1
34827,2,Subaru Outback,2023-03-23 14:51:04.949830,Rainy,None,1
56820,9,Chevrolet Malibu,2023-05-08 14:51:04.949830,Normal,None,1
63623,1,Honda Civic,2022-10-20 14:51:04.949830,Normal,Engine Noise,1
82734,8,Subaru Outback,2022-09-06 14:51:04.949830,Cold,Transmission,1
76450,4,Subaru Outback,2023-06-15 14:51:04.949830,Hot,Tire Issue,1
94426,4,Toyota Corolla,2022-03-31 14:51:04.949830,Hot,Tire Issue,1
23299,5,Ford Focus,2023-02-22 14:51:04.949830,Normal,Engine Noise,1
44585,8,Hyundai Elantra,2023-12-07 14:51:04.949830,Cold,Tire Issue,1
65044,5,Kia Optima,2023-12-15 14:51:04.949830,Cold,None,1
43557,8,Mazda CX-5,2023-02-02 14:51:04.949830,Rainy,Battery Issue,1
50080,1,Hyundai Elantra,2023-02-13 14:51:04.949830,Rainy,Tire Issue,1
3693,9,Honda Civic,2022-12-18 14:51:04.949830,Cold,Engine Noise,1
96003,6,Kia Optima,2023-09-06 14:51:04.949830,Rainy,Transmission,1
96259,3,Nissan Altima,2022-05-19 14:51:04.949830,Normal,Engine Noise,1
70163,8,Ford Focus,2024-10-27 14:51:04.949830,Cold,Brake Issue,1
26939,9,Nissan Altima,2023-05-24 14:51:04.949830,Rainy,Engine Noise,1
49925,6,Nissan Altima,2022-12-07 14:51:04.949830,Hot,None,1
43941,7,Chevrolet Malibu,2022-07-29 14:51:04.949830,Cold,Battery Issue,1
22834,1,Hyundai Elantra,2024-01-18 14:51:04.949830,Cold,Battery Issue,1
19047,5,Mazda CX-5,2024-08-07 14:51:04.949830,Hot,Tire Issue,1
27105,5,Toyota Corolla,2023-08-25 14:51:04.949830,Normal,None,1
76766,4,Mazda CX-5,2024-09-23 14:51:04.949830,Hot,Brake Issue,1
16707,6,Nissan Altima,2022-06-21 14:51:04.949830,Cold,None,1
22976,7,Honda Civic,2024-02-15 14:51:04.949830,Normal,Engine Noise,1
45262,9,Ford Focus,2022-08-20 14:51:04.949830,Rainy,None,1
24776,1,Volkswagen Jetta,2023-01-11 14:51:04.949830,Rainy,None,1
31080,6,Mazda CX-5,2022-09-30 14:51:04.949830,Rainy,Brake Issue,1
67842,7,Nissan Altima,2024-08-23 14:51:04.949830,Cold,Engine Noise,1
62373,3,Ford Focus,2023-11-01 14:51:04.949830,Hot,Transmission,1
7776,8,Kia Optima,2022-10-03 14:51:04.949830,Normal,Transmission,1
93787,5,Hyundai Elantra,2022-03-17 14:51:04.949830,Rainy,Battery Issue,1
56016,9,Subaru Outback,2022-06-19 14:51:04.949830,Normal,Tire Issue,1
10474,5,Chevrolet Malibu,2024-04-05 14:51:04.949830,Cold,None,0
59053,9,Ford Focus,2023-01-28 14:51:04.949830,Rainy,Battery Issue,1
22959,4,Honda Civic,2023-09-25 14:51:04.949830,Cold,Brake Issue,1
6530,9,Honda Civic,2024-12-26 14:51:04.949830,Hot,Transmission,1
95856,5,Ford Focus,2023-03-06 14:51:04.949830,Cold,None,1
4748,9,Honda Civic,2022-07-26 14:51:04.949830,Cold,Brake Issue,1
98504,3,Hyundai Elantra,2024-03-03 14:51:04.949830,Hot,Tire Issue,1
99098,4,Honda Civic,2024-09-13 14:51:04.949830,Normal,Brake Issue,1
14545,9,Mazda CX-5,2024-04-15 14:51:04.949830,Hot,None,1
67199,6,Subaru Outback,2024-07-07 14:51:04.949830,Hot,Tire Issue,1
35766,2,Honda Civic,2023-02-21 14:51:04.949830,Cold,Brake Issue,1
74530,7,Subaru Outback,2024-11-21 14:51:04.949830,Normal,Tire Issue,1
94557,2,Nissan Altima,2024-12-29 14:51:04.949830,Rainy,None,1
62087,2,Toyota Corolla,2024-04-28 14:51:04.949830,Hot,None,1
96839,1,Hyundai Elantra,2022-11-15 14:51:04.949830,Normal,Tire Issue,1
69840,3,Toyota Corolla,2024-09-26 14:51:04.949830,Hot,Engine Noise,1
55384,6,Nissan Altima,2023-07-25 14:51:04.949830,Hot,Battery Issue,1
52005,8,Hyundai Elantra,2023-04-11 14:51:04.949830,Hot,Brake Issue,1
47576,9,Ford Focus,2023-06-18 14:51:04.949830,Hot,Brake Issue,1
40353,7,Ford Focus,2024-12-23 14:51:04.949830,Cold,Engine Noise,1
63003,4,Subaru Outback,2025-01-16 14:51:04.949830,Normal,Engine Noise,1
84211,6,Nissan Altima,2022-07-21 14:51:04.949830,Normal,Engine Noise,1
53733,5,Subaru Outback,2024-08-29 14:51:04.949830,Normal,Transmission,1
66318,8,Chevrolet Malibu,2023-04-10 14:51:04.949830,Hot,Transmission,1
90474,1,Honda Civic,2024-07-13 14:51:04.949830,Cold,Tire Issue,1
24664,1,Volkswagen Jetta,2024-06-30 14:51:04.949830,Hot,Transmission,1
68172,6,Chevrolet Malibu,2024-05-05 14:51:04.949830,Hot,None,1
86616,2,Honda Civic,2023-07-20 14:51:04.949830,Normal,Tire Issue,1
94264,5,Hyundai Elantra,2024-07-07 14:51:04.949830,Hot,Brake Issue,1
27736,1,Subaru Outback,2023-02-14 14:51:04.949830,Rainy,Battery Issue,1
95209,7,Hyundai Elantra,2022-11-07 14:51:04.949830,Hot,None,1
1854,1,Hyundai Elantra,2022-06-20 14:51:04.949830,Rainy,Brake Issue,1
91084,4,Honda Civic,2023-11-30 14:51:04.949830,Hot,Brake Issue,1
39623,9,Nissan Altima,2022-07-22 14:51:04.949830,Cold,Tire Issue,1
8392,1,Honda Civic,2024-07-13 14:51:04.949830,Cold,Engine Noise,1
56680,4,Kia Optima,2024-12-03 14:51:04.949830,Normal,Engine Noise,1
47717,6,Ford Focus,2024-10-26 14:51:04.949830,Hot,None,1
88092,6,Ford Focus,2024-01-25 14:51:04.949830,Rainy,Engine Noise,1
51859,8,Chevrolet Malibu,2022-06-26 14:51:04.949830,Rainy,Brake Issue,1
27309,1,Ford Focus,2024-01-08 14:51:04.949830,Hot,Engine Noise,1
88455,7,Honda Civic,2024-08-08 14:51:04.949830,Rainy,Transmission,1
64734,1,Mazda CX-5,2024-03-01 14:51:04.949830,Cold,Engine Noise,1
71467,7,Subaru Outback,2023-10-25 14:51:04.949830,Rainy,Brake Issue,1
53662,3,Honda Civic,2022-03-17 14:51:04.949830,Normal,Tire Issue,1
99506,8,Honda Civic,2024-07-17 14:51:04.949830,Cold,None,1
13688,3,Volkswagen Jetta,2024-09-28 14:51:04.949830,Cold,Battery Issue,1
26342,1,Subaru Outback,2023-08-28 14:51:04.949830,Cold,Engine Noise,1
38157,8,Kia Optima,2024-03-28 14:51:04.949830,Hot,Brake Issue,1
68863,3,Ford Focus,2022-07-28 14:51:04.949830,Hot,Battery Issue,1
53083,2,Subaru Outback,2022-05-19 14:51:04.949830,Cold,Battery Issue,1
66733,1,Ford Focus,2023-04-26 14:51:04.949830,Hot,Transmission,1
90045,3,Chevrolet Malibu,2022-03-03 14:51:04.949830,Rainy,Battery Issue,1
35698,2,Subaru Outback,2023-01-15 14:51:04.949830,Hot,Tire Issue,1
81623,2,Ford Focus,2024-03-02 14:51:04.949830,Hot,Brake Issue,1
23671,6,Kia Optima,2022-07-19 14:51:04.949830,Cold,Brake Issue,1
26184,1,Toyota Corolla,2023-11-07 14:51:04.949830,Normal,Engine Noise,1
94384,2,Hyundai Elantra,2022-11-28 14:51:04.949830,Normal,Engine Noise,1
43107,6,Hyundai Elantra,2023-01-22 14:51:04.949830,Normal,Engine Noise,1
87202,3,Kia Optima,2024-12-17 14:51:04.949830,Rainy,Tire Issue,1
52663,4,Volkswagen Jetta,2024-02-15 14:51:04.949830,Hot,Battery Issue,1
16708,1,Toyota Corolla,2024-07-18 14:51:04.949830,Normal,Battery Issue,1
92906,8,Chevrolet Malibu,2022-03-07 14:51:04.949830,Cold,Transmission,1
50811,7,Kia Optima,2023-07-23 14:51:04.949830,Normal,Tire Issue,1
3811,7,Hyundai Elantra,2022-03-20 14:51:04.949830,Normal,Engine Noise,1
57250,3,Hyundai Elantra,2023-03-29 14:51:04.949830,Hot,None,1
73082,3,Hyundai Elantra,2024-08-10 14:51:04.949830,Hot,Transmission,1
35754,2,Nissan Altima,2022-03-16 14:51:04.949830,Hot,None,1
96742,1,Kia Optima,2023-12-02 14:51:04.949830,Rainy,Battery Issue,1
12411,7,Honda Civic,2022-04-11 14:51:04.949830,Rainy,Transmission,1
3911,7,Chevrolet Malibu,2024-11-25 14:51:04.949830,Normal,Transmission,1
68270,2,Hyundai Elantra,2023-12-06 14:51:04.949830,Hot,Brake Issue,1
84763,7,Ford Focus,2022-09-23 14:51:04.949830,Normal,Battery Issue,1
9680,8,Kia Optima,2022-03-08 14:51:04.949830,Cold,Battery Issue,1
85896,1,Nissan Altima,2022-02-28 14:51:04.949830,Cold,Tire Issue,1
84879,9,Kia Optima,2023-02-14 14:51:04.949830,Hot,Transmission,1
72295,7,Chevrolet Malibu,2024-05-02 14:51:04.949830,Hot,Battery Issue,1
89614,3,Nissan Altima,2022-12-03 14:51:04.949830,Cold,Transmission,1
12111,8,Chevrolet Malibu,2022-03-18 14:51:04.949830,Hot,Tire Issue,1
38504,7,Kia Optima,2022-09-20 14:51:04.949830,Rainy,Tire Issue,1
2802,8,Honda Civic,2024-01-29 14:51:04.949830,Rainy,Brake Issue,1
9155,6,Chevrolet Malibu,2022-08-28 14:51:04.949830,Hot,Transmission,1
74656,9,Nissan Altima,2022-05-02 14:51:04.949830,Cold,Battery Issue,1
40384,5,Nissan Altima,2022-04-05 14:51:04.949830,Normal,Battery Issue,1
48254,3,Chevrolet Malibu,2024-03-29 14:51:04.949830,Hot,Transmission,1
22918,3,Mazda CX-5,2024-06-22 14:51:04.949830,Hot,Transmission,1
86981,1,Kia Optima,2022-10-22 14:51:04.949830,Normal,Transmission,1
61713,8,Mazda CX-5,2023-12-24 14:51:04.949830,Hot,Engine Noise,1
31306,2,Volkswagen Jetta,2024-02-27 14:51:04.949830,Normal,Battery Issue,1
17646,3,Kia Optima,2022-06-22 14:51:04.949830,Cold,Tire Issue,1
47843,8,Chevrolet Malibu,2022-08-12 14:51:04.949830,Rainy,Battery Issue,1
97601,8,Toyota Corolla,2023-03-21 14:51:04.949830,Cold,Engine Noise,1
91735,4,Chevrolet Malibu,2023-04-25 14:51:04.949830,Rainy,Transmission,1
17371,4,Mazda CX-5,2023-06-20 14:51:04.949830,Normal,Brake Issue,1
78371,5,Honda Civic,2024-09-02 14:51:04.949830,Rainy,Transmission,1
3049,6,Chevrolet Malibu,2023-11-16 14:51:04.949830,Cold,Transmission,1
32616,5,Chevrolet Malibu,2023-05-16 14:51:04.949830,Rainy,Engine Noise,1
21932,7,Honda Civic,2022-07-21 14:51:04.949830,Normal,Battery Issue,1
30855,2,Chevrolet Malibu,2022-10-21 14:51:04.949830,Rainy,Transmission,1
62434,7,Hyundai Elantra,2024-08-29 14:51:04.949830,Hot,Battery Issue,1
73694,7,Toyota Corolla,2024-07-24 14:51:04.949830,Cold,None,1
44016,1,Ford Focus,2024-07-03 14:51:04.949830,Hot,Tire Issue,1
8400,7,Toyota Corolla,2023-05-04 14:51:04.949830,Normal,Battery Issue,1
43642,5,Chevrolet Malibu,2023-02-26 14:51:04.949830,Rainy,Brake Issue,1
16151,3,Hyundai Elantra,2023-12-13 14:51:04.949830,Hot,Tire Issue,1
52407,3,Kia Optima,2023-10-04 14:51:04.949830,Hot,Brake Issue,1
67690,4,Chevrolet Malibu,2024-06-13 14:51:04.949830,Rainy,Transmission,1
5499,2,Mazda CX-5,2022-07-03 14:51:04.949830,Rainy,Tire Issue,1
7295,2,Hyundai Elantra,2023-04-26 14:51:04.949830,Cold,Battery Issue,1
60040,1,Honda Civic,2022-06-11 14:51:04.949830,Hot,Tire Issue,1
13183,5,Hyundai Elantra,2022-07-26 14:51:04.949830,Hot,Transmission,1
30299,4,Honda Civic,2024-07-26 14:51:04.949830,Normal,Engine Noise,1
13874,2,Volkswagen Jetta,2024-12-25 14:51:04.949830,Cold,Brake Issue,1
33711,3,Ford Focus,2024-05-27 14:51:04.949830,Normal,Transmission,1
6539,7,Subaru Outback,2022-03-17 14:51:04.949830,Hot,Engine Noise,1
54351,7,Hyundai Elantra,2022-07-03 14:51:04.949830,Normal,Tire Issue,1
62267,4,Nissan Altima,2023-08-13 14:51:04.949830,Hot,Tire Issue,1
49354,5,Mazda CX-5,2023-11-13 14:51:04.949830,Hot,Transmission,1
3557,5,Chevrolet Malibu,2022-11-16 14:51:04.949830,Normal,Battery Issue,1
39360,6,Mazda CX-5,2023-08-03 14:51:04.949830,Normal,Tire Issue,1
83018,9,Toyota Corolla,2022-05-14 14:51:04.949830,Rainy,Battery Issue,1
3200,2,Subaru Outback,2022-10-30 14:51:04.949830,Rainy,Battery Issue,1
69497,5,Toyota Corolla,2022-07-19 14:51:04.949830,Rainy,Battery Issue,1
47975,3,Volkswagen Jetta,2022-08-30 14:51:04.949830,Hot,None,1
22357,4,Subaru Outback,2023-07-27 14:51:04.949830,Normal,Engine Noise,1
78505,6,Subaru Outback,2022-03-30 14:51:04.949830,Cold,Engine Noise,1
3869,8,Toyota Corolla,2024-06-04 14:51:04.949830,Hot,Tire Issue,1
62135,1,Honda Civic,2022-08-28 14:51:04.949830,Cold,Tire Issue,1
51108,8,Toyota Corolla,2022-08-09 14:51:04.949830,Normal,Battery Issue,1
95179,7,Mazda CX-5,2022-03-17 14:51:04.949830,Hot,None,1
91272,1,Honda Civic,2024-06-21 14:51:04.949830,Cold,Battery Issue,1
39467,2,Mazda CX-5,2023-01-07 14:51:04.949830,Cold,None,1
24328,3,Volkswagen Jetta,2023-12-17 14:51:04.949830,Rainy,Battery Issue,1
92412,1,Chevrolet Malibu,2024-12-17 14:51:04.949830,Rainy,Brake Issue,1
87831,9,Kia Optima,2022-08-03 14:51:04.949830,Rainy,Brake Issue,1
4987,8,Honda Civic,2023-04-09 14:51:04.949830,Hot,Transmission,1
59871,2,Volkswagen Jetta,2024-02-23 14:51:04.949830,Normal,Battery Issue,1
23399,9,Nissan Altima,2022-06-10 14:51:04.949830,Normal,Tire Issue,1
47214,7,Volkswagen Jetta,2023-05-07 14:51:04.949830,Rainy,Engine Noise,1
87416,9,Toyota Corolla,2024-08-08 14:51:04.949830,Rainy,Transmission,1
71271,6,Toyota Corolla,2022-12-03 14:51:04.949830,Rainy,Tire Issue,1
45064,6,Kia Optima,2024-04-18 14:51:04.949830,Cold,Brake Issue,1
71091,4,Volkswagen Jetta,2022-03-27 14:51:04.949830,Rainy,Battery Issue,1
41818,2,Ford Focus,2022-03-02 14:51:04.949830,Cold,Transmission,1
46525,7,Chevrolet Malibu,2024-02-26 14:51:04.949830,Normal,Battery Issue,1
20830,5,Toyota Corolla,2022-06-22 14:51:04.949830,Hot,Brake Issue,1
18429,6,Kia Optima,2023-07-27 14:51:04.949830,Hot,Transmission,1
7893,2,Chevrolet Malibu,2023-09-17 14:51:04.949830,Hot,Brake Issue,1
80909,5,Volkswagen Jetta,2022-10-18 14:51:04.949830,Hot,None,1
48333,4,Volkswagen Jetta,2024-01-27 14:51:04.949830,Cold,Brake Issue,1
4436,9,Subaru Outback,2024-05-27 14:51:04.949830,Cold,Battery Issue,1
75290,6,Kia Optima,2024-06-04 14:51:04.949830,Rainy,Engine Noise,1
77213,2,Toyota Corolla,2024-11-29 14:51:04.949830,Cold,Brake Issue,1
6895,1,Ford Focus,2024-09-21 14:51:04.949830,Rainy,Tire Issue,1
20738,5,Volkswagen Jetta,2024-11-24 14:51:04.949830,Rainy,Engine Noise,1
31746,9,Ford Focus,2023-07-02 14:51:04.949830,Hot,None,1
50377,6,Volkswagen Jetta,2024-11-25 14:51:04.949830,Cold,Transmission,1
49404,7,Toyota Corolla,2023-07-09 14:51:04.949830,Cold,Transmission,1
55045,5,Chevrolet Malibu,2022-09-02 14:51:04.949830,Rainy,Engine Noise,1
98888,6,Hyundai Elantra,2023-12-16 14:51:04.949830,Rainy,Transmission,1
40790,5,Chevrolet Malibu,2023-03-14 14:51:04.949830,Normal,Brake Issue,1
6600,9,Volkswagen Jetta,2023-12-27 14:51:04.949830,Normal,Engine Noise,1
95660,6,Mazda CX-5,2024-09-28 14:51:04.949830,Rainy,Battery Issue,1
94179,8,Hyundai Elantra,2023-05-14 14:51:04.949830,Normal,Brake Issue,1
41764,2,Hyundai Elantra,2024-12-31 14:51:04.949830,Normal,Brake Issue,1
75543,9,Ford Focus,2022-08-17 14:51:04.949830,Rainy,Brake Issue,1
46714,5,Kia Optima,2023-07-26 14:51:04.949830,Rainy,Battery Issue,1
57835,7,Ford Focus,2024-07-30 14:51:04.949830,Cold,None,1
74744,1,Ford Focus,2023-12-05 14:51:04.949830,Rainy,Tire Issue,1
57491,5,Mazda CX-5,2023-01-08 14:51:04.949830,Rainy,Transmission,1
19589,2,Chevrolet Malibu,2022-09-12 14:51:04.949830,Hot,Engine Noise,1
44484,6,Chevrolet Malibu,2024-06-01 14:51:04.949830,Cold,None,1
83989,1,Nissan Altima,2024-09-20 14:51:04.949830,Cold,Engine Noise,1
37212,3,Volkswagen Jetta,2022-11-25 14:51:04.949830,Cold,Transmission,1
44525,5,Mazda CX-5,2023-10-10 14:51:04.949830,Hot,Battery Issue,1
48202,4,Nissan Altima,2024-10-05 14:51:04.949830,Rainy,Brake Issue,1
33635,3,Toyota Corolla,2023-02-19 14:51:04.949830,Cold,Brake Issue,1
64208,5,Volkswagen Jetta,2024-07-26 14:51:04.949830,Cold,Battery Issue,1
34828,8,Volkswagen Jetta,2023-01-03 14:51:04.949830,Normal,None,1
19711,4,Subaru Outback,2023-03-24 14:51:04.949830,Cold,None,1
4420,1,Subaru Outback,2024-12-15 14:51:04.949830,Rainy,Engine Noise,1
97752,7,Honda Civic,2024-11-23 14:51:04.949830,Rainy,Battery Issue,1
1301,8,Honda Civic,2023-08-17 14:51:04.949830,Normal,None,1
46236,3,Ford Focus,2022-12-23 14:51:04.949830,Cold,Battery Issue,1
67235,6,Toyota Corolla,2025-01-05 14:51:04.949830,Cold,Transmission,1
55240,2,Hyundai Elantra,2023-01-28 14:51:04.949830,Cold,Brake Issue,1
66726,7,Hyundai Elantra,2023-07-12 14:51:04.949830,Hot,Brake Issue,1
11492,8,Subaru Outback,2024-01-10 14:51:04.949830,Cold,Brake Issue,1
7102,6,Subaru Outback,2023-09-21 14:51:04.949830,Rainy,Battery Issue,1
51336,6,Subaru Outback,2022-05-20 14:51:04.949830,Rainy,Battery Issue,1
86314,5,Mazda CX-5,2023-05-05 14:51:04.949830,Hot,Engine Noise,1
27641,8,Kia Optima,2024-03-16 14:51:04.949830,Hot,Brake Issue,1
35584,1,Honda Civic,2023-10-18 14:51:04.949830,Cold,Engine Noise,1
33745,4,Mazda CX-5,2024-08-10 14:51:04.949830,Normal,Brake Issue,1
24093,4,Chevrolet Malibu,2024-02-21 14:51:04.949830,Hot,Engine Noise,1
67105,3,Hyundai Elantra,2022-12-03 14:51:04.949830,Hot,Engine Noise,1
52885,3,Volkswagen Jetta,2024-06-06 14:51:04.949830,Cold,Transmission,1
37631,4,Honda Civic,2022-05-10 14:51:04.949830,Cold,Engine Noise,1
73991,1,Nissan Altima,2023-01-19 14:51:04.949830,Hot,Battery Issue,1
5014,2,Chevrolet Malibu,2023-04-14 14:51:04.949830,Normal,Engine Noise,1
12093,9,Honda Civic,2023-05-12 14:51:04.949830,Hot,Brake Issue,1
19070,2,Mazda CX-5,2024-07-06 14:51:04.949830,Cold,Engine Noise,1
36777,5,Toyota Corolla,2023-09-16 14:51:04.949830,Cold,None,1
57958,9,Volkswagen Jetta,2024-08-13 14:51:04.949830,Hot,Tire Issue,1
83074,9,Honda Civic,2023-05-18 14:51:04.949830,Normal,Brake Issue,1
11729,8,Kia Optima,2023-12-02 14:51:04.949830,Hot,None,1
46017,1,Subaru Outback,2023-10-04 14:51:04.949830,Hot,Brake Issue,1
67320,1,Subaru Outback,2023-08-20 14:51:04.949830,Cold,Battery Issue,1
28751,9,Volkswagen Jetta,2023-12-21 14:51:04.949830,Normal,Tire Issue,1
79069,8,Mazda CX-5,2023-04-27 14:51:04.949830,Rainy,Tire Issue,1
55748,9,Subaru Outback,2023-05-20 14:51:04.949830,Normal,Battery Issue,1
6801,7,Honda Civic,2022-05-13 14:51:04.949830,Hot,Tire Issue,1
20190,3,Nissan Altima,2023-11-10 14:51:04.949830,Hot,Battery Issue,1
50689,3,Hyundai Elantra,2023-07-27 14:51:04.949830,Hot,None,1
51993,2,Hyundai Elantra,2024-04-14 14:51:04.949830,Normal,Transmission,1
30592,5,Chevrolet Malibu,2024-05-29 14:51:04.949830,Cold,Brake Issue,1
11647,3,Ford Focus,2024-01-21 14:51:04.949830,Hot,Battery Issue,1
9716,6,Toyota Corolla,2024-12-22 14:51:04.949830,Hot,Brake Issue,1
89891,2,Volkswagen Jetta,2022-03-05 14:51:04.949830,Normal,None,1
88545,3,Chevrolet Malibu,2023-08-29 14:51:04.949830,Rainy,Transmission,1
90912,5,Ford Focus,2024-04-25 14:51:04.949830,Rainy,None,1
71316,1,Mazda CX-5,2023-10-14 14:51:04.949830,Cold,Tire Issue,1
3368,1,Kia Optima,2023-10-19 14:51:04.949830,Cold,Brake Issue,1
78575,9,Kia Optima,2022-04-16 14:51:04.949830,Hot,Transmission,1
7655,7,Toyota Corolla,2022-09-07 14:51:04.949830,Normal,Tire Issue,1
71031,1,Subaru Outback,2023-09-14 14:51:04.949830,Hot,Transmission,1
77429,8,Honda Civic,2023-07-03 14:51:04.949830,Cold,Tire Issue,1
92083,3,Chevrolet Malibu,2024-06-15 14:51:04.949830,Normal,None,1
88922,8,Chevrolet Malibu,2023-07-08 14:51:04.949830,Normal,Battery Issue,1
56766,5,Volkswagen Jetta,2024-08-11 14:51:04.949830,Cold,Brake Issue,1
14403,1,Volkswagen Jetta,2023-09-16 14:51:04.949830,Rainy,Engine Noise,1
33097,7,Kia Optima,2023-03-03 14:51:04.949830,Rainy,Engine Noise,1
79657,5,Kia Optima,2022-11-15 14:51:04.949830,Normal,None,1
11966,6,Nissan Altima,2025-01-12 14:51:04.949830,Hot,Brake Issue,1
94848,6,Nissan Altima,2024-01-22 14:51:04.949830,Rainy,Brake Issue,1
53921,8,Subaru Outback,2023-10-16 14:51:04.949830,Hot,None,1
50726,9,Nissan Altima,2024-05-14 14:51:04.949830,Rainy,Brake Issue,1
51300,2,Honda Civic,2022-06-16 14:51:04.949830,Rainy,Battery Issue,1
23677,9,Honda Civic,2023-11-22 14:51:04.949830,Hot,None,1
56609,9,Chevrolet Malibu,2025-01-02 14:51:04.949830,Cold,Battery Issue,1
97825,7,Hyundai Elantra,2023-01-12 14:51:04.949830,Rainy,Brake Issue,1
57661,1,Honda Civic,2024-04-15 14:51:04.949830,Rainy,None,1
32024,7,Ford Focus,2023-10-22 14:51:04.949830,Hot,Brake Issue,1
71313,5,Kia Optima,2023-05-30 14:51:04.949830,Cold,None,1
54006,6,Volkswagen Jetta,2023-10-29 14:51:04.949830,Rainy,Brake Issue,1
96285,7,Nissan Altima,2024-06-21 14:51:04.949830,Rainy,Battery Issue,1
16338,5,Chevrolet Malibu,2023-02-03 14:51:04.949830,Cold,Battery Issue,1
69027,7,Toyota Corolla,2024-03-21 14:51:04.949830,Rainy,Brake Issue,1
93772,9,Volkswagen Jetta,2025-01-14 14:51:04.949830,Cold,None,1
81135,3,Ford Focus,2022-05-03 14:51:04.949830,Cold,Engine Noise,1
20508,8,Nissan Altima,2023-08-16 14:51:04.949830,Hot,Battery Issue,1
4051,2,Ford Focus,2023-09-12 14:51:04.949830,Normal,Battery Issue,1
49747,7,Kia Optima,2023-05-08 14:51:04.949830,Cold,Tire Issue,1
88142,2,Kia Optima,2024-02-21 14:51:04.949830,Hot,Engine Noise,1
88235,4,Subaru Outback,2024-02-19 14:51:04.949830,Normal,Brake Issue,1
55021,7,Chevrolet Malibu,2024-11-28 14:51:04.949830,Rainy,None,1
67412,3,Volkswagen Jetta,2022-09-07 14:51:04.949830,Normal,Tire Issue,1
59335,2,Mazda CX-5,2024-04-20 14:51:04.949830,Cold,Brake Issue,1
57179,7,Mazda CX-5,2023-06-17 14:51:04.949830,Cold,Transmission,1
33093,1,Volkswagen Jetta,2023-07-07 14:51:04.949830,Cold,Battery Issue,1
70678,8,Toyota Corolla,2023-02-21 14:51:04.949830,Cold,Transmission,1
81738,3,Chevrolet Malibu,2023-10-29 14:51:04.949830,Cold,Battery Issue,1
40734,2,Ford Focus,2022-04-06 14:51:04.949830,Hot,Battery Issue,1
73615,3,Toyota Corolla,2024-01-26 14:51:04.949830,Cold,Transmission,1
74523,5,Hyundai Elantra,2024-04-18 14:51:04.949830,Hot,Transmission,1
95476,8,Volkswagen Jetta,2022-03-11 14:51:04.949830,Rainy,Brake Issue,1
18019,7,Ford Focus,2024-03-12 14:51:04.949830,Cold,Tire Issue,1
84613,7,Mazda CX-5,2022-08-31 14:51:04.949830,Cold,Tire Issue,1
92794,7,Honda Civic,2022-08-15 14:51:04.949830,Normal,Transmission,1
87672,8,Subaru Outback,2024-08-16 14:51:04.949830,Rainy,Brake Issue,1
74847,1,Mazda CX-5,2023-05-08 14:51:04.949830,Cold,Tire Issue,1
83750,4,Chevrolet Malibu,2022-08-18 14:51:04.949830,Cold,Brake Issue,1
80634,6,Kia Optima,2022-11-12 14:51:04.949830,Rainy,Brake Issue,1
29251,9,Honda Civic,2024-09-14 14:51:04.949830,Hot,Battery Issue,1
26945,2,Subaru Outback,2023-05-09 14:51:04.949830,Cold,Tire Issue,1
91852,1,Subaru Outback,2024-05-17 14:51:04.949830,Normal,Tire Issue,1
33217,2,Hyundai Elantra,2022-09-22 14:51:04.949830,Cold,Battery Issue,1
9308,7,Hyundai Elantra,2023-10-25 14:51:04.949830,Normal,Transmission,1
6949,3,Nissan Altima,2022-07-02 14:51:04.949830,Normal,Battery Issue,1
52990,2,Mazda CX-5,2023-08-16 14:51:04.949830,Cold,Tire Issue,1
2150,7,Mazda CX-5,2024-01-21 14:51:04.949830,Cold,Tire Issue,1
90480,2,Mazda CX-5,2025-01-09 14:51:04.949830,Normal,Transmission,1
75740,3,Nissan Altima,2023-09-27 14:51:04.949830,Rainy,Battery Issue,1
67617,7,Toyota Corolla,2023-09-10 14:51:04.949830,Rainy,None,1
95841,4,Subaru Outback,2022-10-07 14:51:04.949830,Cold,None,1
17896,1,Honda Civic,2022-02-19 14:51:04.949830,Hot,Transmission,1
47175,5,Chevrolet Malibu,2023-06-04 14:51:04.949830,Rainy,Battery Issue,1
8805,9,Subaru Outback,2024-07-14 14:51:04.949830,Cold,Battery Issue,1
6237,8,Hyundai Elantra,2022-12-25 14:51:04.949830,Rainy,Brake Issue,1
21056,9,Ford Focus,2024-10-16 14:51:04.949830,Hot,Tire Issue,1
46543,9,Kia Optima,2024-10-23 14:51:04.949830,Cold,Engine Noise,1
57556,7,Nissan Altima,2024-09-02 14:51:04.949830,Hot,Transmission,1
4343,4,Volkswagen Jetta,2023-11-23 14:51:04.949830,Cold,Engine Noise,1
14500,5,Ford Focus,2024-11-04 14:51:04.949830,Hot,Engine Noise,1
54222,1,Chevrolet Malibu,2024-07-30 14:51:04.949830,Rainy,Transmission,1
30375,1,Mazda CX-5,2024-07-31 14:51:04.949830,Rainy,Battery Issue,1
10662,3,Hyundai Elantra,2022-08-29 14:51:04.949830,Hot,Transmission,1
17964,8,Hyundai Elantra,2024-03-01 14:51:04.949830,Hot,Engine Noise,1
60638,2,Hyundai Elantra,2023-10-19 14:51:04.949830,Hot,Tire Issue,1
74666,4,Mazda CX-5,2022-06-18 14:51:04.949830,Cold,Tire Issue,1
86067,2,Volkswagen Jetta,2022-11-19 14:51:04.949830,Rainy,Tire Issue,1
68215,5,Nissan Altima,2023-05-15 14:51:04.949830,Cold,Battery Issue,1
70042,9,Ford Focus,2022-08-12 14:51:04.949830,Rainy,None,1
14284,1,Mazda CX-5,2024-02-03 14:51:04.949830,Normal,Transmission,1
73789,5,Chevrolet Malibu,2025-01-07 14:51:04.949830,Cold,Tire Issue,1
85664,9,Nissan Altima,2023-01-08 14:51:04.949830,Rainy,Transmission,1
94468,1,Chevrolet Malibu,2023-03-22 14:51:04.949830,Rainy,Tire Issue,1
62389,9,Nissan Altima,2023-07-21 14:51:04.949830,Cold,Battery Issue,1
10435,8,Volkswagen Jetta,2024-09-10 14:51:04.949830,Cold,None,1
55340,4,Kia Optima,2023-05-27 14:51:04.949830,Rainy,None,1
45078,5,Chevrolet Malibu,2023-05-23 14:51:04.949830,Cold,Tire Issue,1
79832,5,Mazda CX-5,2024-02-25 14:51:04.949830,Hot,Battery Issue,1
52293,6,Nissan Altima,2022-05-13 14:51:04.949830,Cold,Brake Issue,1
96981,7,Hyundai Elantra,2023-12-10 14:51:04.949830,Cold,Transmission,1
79781,8,Subaru Outback,2023-04-29 14:51:04.949830,Cold,Transmission,1
61403,8,Hyundai Elantra,2023-01-30 14:51:04.949830,Rainy,Engine Noise,1
30124,2,Toyota Corolla,2022-03-13 14:51:04.949830,Hot,Battery Issue,1
96435,9,Kia Optima,2024-04-18 14:51:04.949830,Normal,Engine Noise,1
44919,7,Kia Optima,2023-03-04 14:51:04.949830,Normal,Tire Issue,1
36247,4,Hyundai Elantra,2024-09-23 14:51:04.949830,Hot,Engine Noise,1
95758,4,Ford Focus,2022-09-09 14:51:04.949830,Hot,None,1
92747,8,Volkswagen Jetta,2023-02-24 14:51:04.949830,Hot,Transmission,1
63752,4,Chevrolet Malibu,2024-02-28 14:51:04.949830,Rainy,Engine Noise,1
57573,6,Mazda CX-5,2022-06-01 14:51:04.949830,Normal,None,1
60101,5,Kia Optima,2024-09-25 14:51:04.949830,Hot,Battery Issue,1
27646,3,Hyundai Elantra,2024-08-16 14:51:04.949830,Rainy,Engine Noise,1
24049,2,Hyundai Elantra,2024-03-08 14:51:04.949830,Normal,Tire Issue,1
80605,9,Volkswagen Jetta,2022-02-17 14:51:04.949830,Cold,Tire Issue,1
99116,9,Volkswagen Jetta,2024-10-04 14:51:04.949830,Rainy,Tire Issue,1
98379,1,Honda Civic,2024-01-29 14:51:04.949830,Normal,Transmission,1
69385,3,Honda Civic,2022-04-07 14:51:04.949830,Rainy,Engine Noise,1
41158,8,Ford Focus,2023-01-15 14:51:04.949830,Normal,Battery Issue,1
66417,6,Ford Focus,2023-02-08 14:51:04.949830,Normal,Engine Noise,1
24289,5,Toyota Corolla,2023-04-07 14:51:04.949830,Cold,Transmission,1
10823,5,Ford Focus,2022-10-16 14:51:04.949830,Rainy,None,1
61160,6,Nissan Altima,2022-06-15 14:51:04.949830,Hot,Transmission,1
42975,7,Volkswagen Jetta,2023-03-28 14:51:04.949830,Cold,Tire Issue,1
10540,1,Mazda CX-5,2024-10-10 14:51:04.949830,Cold,None,0
17364,9,Nissan Altima,2023-06-09 14:51:04.949830,Normal,Tire Issue,1
5611,3,Chevrolet Malibu,2024-04-10 14:51:04.949830,Hot,Brake Issue,1
28663,4,Hyundai Elantra,2023-12-11 14:51:04.949830,Rainy,Transmission,1
52991,1,Ford Focus,2023-02-17 14:51:04.949830,Hot,Transmission,1
58679,3,Hyundai Elantra,2024-07-02 14:51:04.949830,Hot,Battery Issue,1
31977,2,Kia Optima,2024-02-25 14:51:04.949830,Hot,Engine Noise,1
95704,2,Toyota Corolla,2024-08-16 14:51:04.949830,Hot,None,1
50115,1,Kia Optima,2023-07-15 14:51:04.949830,Hot,None,1
92007,8,Toyota Corolla,2023-12-09 14:51:04.949830,Normal,Battery Issue,1
89223,3,Honda Civic,2023-10-13 14:51:04.949830,Normal,Battery Issue,1
61890,3,Hyundai Elantra,2024-09-07 14:51:04.949830,Cold,Engine Noise,1
67387,6,Toyota Corolla,2022-11-18 14:51:04.949830,Normal,Tire Issue,1
19071,8,Subaru Outback,2022-08-27 14:51:04.949830,Cold,Engine Noise,1
60275,9,Nissan Altima,2024-10-25 14:51:04.949830,Cold,Transmission,1
73369,9,Toyota Corolla,2022-12-25 14:51:04.949830,Rainy,Tire Issue,1
12938,4,Toyota Corolla,2023-04-30 14:51:04.949830,Hot,Brake Issue,1
36195,5,Nissan Altima,2024-06-10 14:51:04.949830,Normal,Engine Noise,1
92680,2,Hyundai Elantra,2023-07-14 14:51:04.949830,Rainy,Battery Issue,1
5000,9,Hyundai Elantra,2024-09-27 14:51:04.949830,Normal,Tire Issue,1
71588,8,Nissan Altima,2023-05-13 14:51:04.949830,Cold,Engine Noise,1
94610,3,Kia Optima,2022-07-08 14:51:04.949830,Normal,None,1
98856,9,Subaru Outback,2023-09-30 14:51:04.949830,Hot,Brake Issue,1
39304,3,Mazda CX-5,2022-10-04 14:51:04.949830,Cold,Transmission,1
70449,9,Chevrolet Malibu,2024-04-21 14:51:04.949830,Cold,None,1
83986,2,Subaru Outback,2023-11-23 14:51:04.949830,Rainy,None,1
90643,9,Hyundai Elantra,2023-02-10 14:51:04.949830,Hot,Brake Issue,1
21764,8,Mazda CX-5,2024-12-08 14:51:04.949830,Cold,Transmission,1
87027,9,Honda Civic,2024-07-12 14:51:04.949830,Hot,Battery Issue,1
39494,5,Ford Focus,2022-04-29 14:51:04.949830,Normal,Tire Issue,1
4373,2,Toyota Corolla,2023-07-31 14:51:04.949830,Hot,Transmission,1
13161,8,Nissan Altima,2022-03-26 14:51:04.949830,Cold,Engine Noise,1
98532,6,Nissan Altima,2024-04-02 14:51:04.949830,Rainy,None,1
93658,8,Toyota Corolla,2023-11-11 14:51:04.949830,Cold,Engine Noise,1
28350,5,Ford Focus,2023-10-04 14:51:04.949830,Hot,Battery Issue,1
94008,2,Chevrolet Malibu,2023-04-30 14:51:04.949830,Hot,Engine Noise,1
95297,6,Ford Focus,2024-04-13 14:51:04.949830,Cold,Transmission,1
26351,5,Mazda CX-5,2022-08-24 14:51:04.949830,Hot,Engine Noise,1
89668,5,Ford Focus,2023-06-16 14:51:04.949830,Normal,Battery Issue,1
16305,1,Mazda CX-5,2022-09-07 14:51:04.949830,Cold,Battery Issue,1
76353,2,Ford Focus,2024-05-08 14:51:04.949830,Rainy,Battery Issue,1
77797,8,Chevrolet Malibu,2024-07-20 14:51:04.949830,Cold,Transmission,1
66953,3,Chevrolet Malibu,2023-03-08 14:51:04.949830,Normal,Battery Issue,1
58458,3,Hyundai Elantra,2022-10-15 14:51:04.949830,Normal,None,1
21358,8,Toyota Corolla,2023-02-17 14:51:04.949830,Normal,Battery Issue,1
4267,8,Chevrolet Malibu,2023-07-01 14:51:04.949830,Normal,Engine Noise,1
83745,2,Mazda CX-5,2023-03-09 14:51:04.949830,Normal,Tire Issue,1
90588,8,Chevrolet Malibu,2023-12-23 14:51:04.949830,Rainy,Engine Noise,1
39513,1,Hyundai Elantra,2024-06-19 14:51:04.949830,Hot,Tire Issue,1
27092,6,Nissan Altima,2023-12-30 14:51:04.949830,Normal,Engine Noise,1
12338,8,Mazda CX-5,2024-02-10 14:51:04.949830,Normal,Transmission,1
1412,3,Hyundai Elantra,2022-09-26 14:51:04.949830,Cold,Engine Noise,1
8543,8,Kia Optima,2022-02-20 14:51:04.949830,Rainy,Transmission,1
34496,1,Kia Optima,2023-11-24 14:51:04.949830,Rainy,Transmission,1
61692,9,Honda Civic,2022-12-28 14:51:04.949830,Hot,Battery Issue,1
90084,9,Ford Focus,2024-03-17 14:51:04.949830,Rainy,None,1
93920,5,Toyota Corolla,2023-02-15 14:51:04.949830,Cold,Tire Issue,1
45425,4,Volkswagen Jetta,2022-09-01 14:51:04.949830,Cold,Battery Issue,1
39756,6,Subaru Outback,2023-07-30 14:51:04.949830,Hot,Battery Issue,1
19888,7,Hyundai Elantra,2024-06-25 14:51:04.949830,Cold,Transmission,1
36735,5,Nissan Altima,2023-09-09 14:51:04.949830,Normal,Transmission,1
48295,9,Subaru Outback,2023-09-01 14:51:04.949830,Normal,Tire Issue,1
84042,3,Nissan Altima,2022-03-08 14:51:04.949830,Cold,Engine Noise,1
86999,7,Subaru Outback,2024-06-18 14:51:04.949830,Hot,Engine Noise,1
18955,5,Hyundai Elantra,2024-03-13 14:51:04.949830,Rainy,Battery Issue,1
38841,7,Volkswagen Jetta,2023-03-28 14:51:04.949830,Hot,Brake Issue,1
71640,2,Subaru Outback,2022-12-26 14:51:04.949830,Rainy,Brake Issue,1
66510,4,Hyundai Elantra,2024-04-20 14:51:04.949830,Cold,Engine Noise,1
35911,2,Chevrolet Malibu,2022-06-24 14:51:04.949830,Cold,Brake Issue,1
60031,7,Volkswagen Jetta,2024-12-16 14:51:04.949830,Normal,Engine Noise,1
89726,2,Mazda CX-5,2023-11-01 14:51:04.949830,Rainy,Transmission,1
8357,1,Nissan Altima,2024-08-08 14:51:04.949830,Hot,Battery Issue,1
33479,9,Kia Optima,2022-12-12 14:51:04.949830,Cold,None,1
62476,1,Ford Focus,2024-05-08 14:51:04.949830,Hot,Battery Issue,1
45811,8,Kia Optima,2023-08-15 14:51:04.949830,Normal,Engine Noise,1
37208,2,Volkswagen Jetta,2022-05-16 14:51:04.949830,Rainy,Engine Noise,1
21150,8,Mazda CX-5,2025-01-07 14:51:04.949830,Rainy,Battery Issue,1
72180,3,Nissan Altima,2023-01-22 14:51:04.949830,Cold,Tire Issue,1
44286,6,Mazda CX-5,2023-08-31 14:51:04.949830,Rainy,Engine Noise,1
69450,3,Subaru Outback,2022-11-24 14:51:04.949830,Cold,Brake Issue,1
22352,7,Nissan Altima,2023-11-08 14:51:04.949830,Normal,Brake Issue,1
56069,9,Subaru Outback,2024-08-17 14:51:04.949830,Rainy,Engine Noise,1
15397,2,Hyundai Elantra,2022-07-15 14:51:04.949830,Cold,Engine Noise,1
42555,5,Volkswagen Jetta,2022-09-01 14:51:04.949830,Hot,Tire Issue,1
47959,6,Hyundai Elantra,2022-12-26 14:51:04.949830,Cold,Brake Issue,1
1728,4,Honda Civic,2023-07-04 14:51:04.949830,Rainy,Engine Noise,1
51517,4,Mazda CX-5,2023-09-16 14:51:04.949830,Normal,Engine Noise,1
67234,4,Subaru Outback,2022-08-06 14:51:04.949830,Rainy,Tire Issue,1
40954,2,Chevrolet Malibu,2024-10-05 14:51:04.949830,Rainy,Tire Issue,1
48280,4,Hyundai Elantra,2022-03-29 14:51:04.949830,Cold,Battery Issue,1
80459,1,Honda Civic,2022-04-16 14:51:04.949830,Hot,Tire Issue,1
17779,6,Toyota Corolla,2023-12-07 14:51:04.949830,Rainy,None,1
64932,1,Kia Optima,2024-08-03 14:51:04.949830,Hot,Brake Issue,1
73936,6,Nissan Altima,2023-08-27 14:51:04.949830,Cold,Battery Issue,1
25466,1,Honda Civic,2024-03-10 14:51:04.949830,Hot,None,0
37939,6,Volkswagen Jetta,2022-12-16 14:51:04.949830,Cold,Engine Noise,1
70896,8,Hyundai Elantra,2023-03-08 14:51:04.949830,Normal,Engine Noise,1
36270,2,Volkswagen Jetta,2023-09-28 14:51:04.949830,Hot,Battery Issue,1
60163,2,Kia Optima,2024-11-05 14:51:04.949830,Hot,Tire Issue,1
83637,4,Chevrolet Malibu,2023-06-15 14:51:04.949830,Normal,Engine Noise,1
52934,3,Mazda CX-5,2024-04-30 14:51:04.949830,Hot,Transmission,1
65895,4,Mazda CX-5,2024-05-17 14:51:04.949830,Normal,Battery Issue,1
33307,7,Volkswagen Jetta,2023-07-06 14:51:04.949830,Rainy,None,1
55098,1,Subaru Outback,2024-07-26 14:51:04.949830,Cold,Battery Issue,1
61921,6,Chevrolet Malibu,2024-09-30 14:51:04.949830,Normal,Brake Issue,1
6486,3,Mazda CX-5,2024-07-18 14:51:04.949830,Hot,Tire Issue,1
9335,7,Chevrolet Malibu,2024-07-09 14:51:04.949830,Normal,Tire Issue,1
87900,2,Honda Civic,2024-11-13 14:51:04.949830,Hot,Battery Issue,1
90112,2,Chevrolet Malibu,2022-05-30 14:51:04.949830,Rainy,Engine Noise,1
98203,4,Ford Focus,2022-09-06 14:51:04.949830,Normal,Engine Noise,1
12130,1,Kia Optima,2024-01-14 14:51:04.949830,Rainy,Transmission,1
88508,3,Mazda CX-5,2022-09-19 14:51:04.949830,Cold,Transmission,1
61566,9,Chevrolet Malibu,2024-12-05 14:51:04.949830,Hot,Tire Issue,1
67703,7,Volkswagen Jetta,2023-09-17 14:51:04.949830,Hot,Transmission,1
28192,7,Toyota Corolla,2024-10-31 14:51:04.949830,Rainy,None,1
2062,4,Ford Focus,2022-10-14 14:51:04.949830,Cold,Transmission,1
85076,2,Ford Focus,2023-03-15 14:51:04.949830,Normal,None,1
90780,4,Subaru Outback,2023-02-16 14:51:04.949830,Normal,Transmission,1
22545,6,Chevrolet Malibu,2022-12-20 14:51:04.949830,Hot,Tire Issue,1
22689,3,Subaru Outback,2023-01-20 14:51:04.949830,Rainy,Tire Issue,1
12174,1,Subaru Outback,2022-07-07 14:51:04.949830,Rainy,None,1
89461,8,Toyota Corolla,2022-07-30 14:51:04.949830,Normal,Battery Issue,1
10348,5,Honda Civic,2022-08-12 14:51:04.949830,Cold,Tire Issue,1
24714,5,Chevrolet Malibu,2022-04-30 14:51:04.949830,Cold,Battery Issue,1
39102,4,Hyundai Elantra,2024-02-13 14:51:04.949830,Normal,Engine Noise,1
75460,6,Mazda CX-5,2024-07-08 14:51:04.949830,Normal,None,1
90930,3,Subaru Outback,2024-04-09 14:51:04.949830,Rainy,Tire Issue,1
7801,9,Kia Optima,2023-12-24 14:51:04.949830,Cold,Brake Issue,1
73267,5,Nissan Altima,2022-04-23 14:51:04.949830,Normal,Engine Noise,1
49136,3,Kia Optima,2023-08-11 14:51:04.949830,Normal,Battery Issue,1
24625,1,Toyota Corolla,2023-03-30 14:51:04.949830,Hot,Tire Issue,1
83873,6,Toyota Corolla,2023-02-01 14:51:04.949830,Normal,None,1
73592,2,Volkswagen Jetta,2022-08-10 14:51:04.949830,Normal,Transmission,1
78052,3,Honda Civic,2023-10-23 14:51:04.949830,Cold,Brake Issue,1
45261,1,Mazda CX-5,2023-11-16 14:51:04.949830,Rainy,Battery Issue,1
2542,9,Subaru Outback,2022-03-08 14:51:04.949830,Cold,Engine Noise,1
22677,8,Kia Optima,2022-08-18 14:51:04.949830,Rainy,None,1
47732,2,Nissan Altima,2024-03-10 14:51:04.949830,Hot,Brake Issue,1
51343,8,Toyota Corolla,2022-09-30 14:51:04.949830,Normal,None,1
40081,9,Toyota Corolla,2023-08-17 14:51:04.949830,Hot,Tire Issue,1
63856,1,Honda Civic,2024-01-08 14:51:04.949830,Rainy,Transmission,1
94105,5,Nissan Altima,2023-10-24 14:51:04.949830,Cold,Engine Noise,1
89858,8,Nissan Altima,2022-04-08 14:51:04.949830,Cold,None,1
20065,2,Honda Civic,2023-06-02 14:51:04.949830,Hot,Battery Issue,1
84460,4,Toyota Corolla,2023-09-05 14:51:04.949830,Rainy,Tire Issue,1
89092,7,Mazda CX-5,2023-10-11 14:51:04.949830,Hot,Tire Issue,1
55693,3,Chevrolet Malibu,2024-09-26 14:51:04.949830,Hot,Engine Noise,1
27962,5,Chevrolet Malibu,2022-03-18 14:51:04.949830,Normal,Tire Issue,1
29295,8,Honda Civic,2024-02-21 14:51:04.949830,Hot,Battery Issue,1
14807,3,Nissan Altima,2024-08-30 14:51:04.949830,Normal,None,0
43348,4,Subaru Outback,2022-07-30 14:51:04.949830,Normal,Engine Noise,1
27432,9,Honda Civic,2023-08-19 14:51:04.949830,Cold,Tire Issue,1
84285,7,Mazda CX-5,2023-06-28 14:51:04.949830,Normal,Tire Issue,1
92792,1,Honda Civic,2022-09-24 14:51:04.949830,Normal,Battery Issue,1
58854,4,Ford Focus,2024-09-21 14:51:04.949830,Cold,Transmission,1
41262,4,Kia Optima,2022-08-13 14:51:04.949830,Hot,Transmission,1
38080,9,Nissan Altima,2022-02-25 14:51:04.949830,Rainy,Tire Issue,1
2324,6,Volkswagen Jetta,2024-11-28 14:51:04.949830,Rainy,None,1
92267,9,Volkswagen Jetta,2024-12-29 14:51:04.949830,Rainy,Engine Noise,1
36909,6,Nissan Altima,2023-01-22 14:51:04.949830,Hot,Tire Issue,1
90339,6,Mazda CX-5,2024-07-04 14:51:04.949830,Normal,Brake Issue,1
20870,5,Ford Focus,2023-07-08 14:51:04.949830,Rainy,Engine Noise,1
35578,5,Ford Focus,2023-10-23 14:51:04.949830,Hot,Transmission,1
73124,2,Toyota Corolla,2024-04-03 14:51:04.949830,Normal,Tire Issue,1
27790,8,Kia Optima,2023-12-23 14:51:04.949830,Cold,Battery Issue,1
26289,8,Chevrolet Malibu,2024-06-16 14:51:04.949830,Rainy,Brake Issue,1
56129,1,Hyundai Elantra,2024-06-16 14:51:04.949830,Normal,Tire Issue,1
94714,8,Mazda CX-5,2024-09-11 14:51:04.949830,Rainy,None,1
95246,5,Hyundai Elantra,2022-12-19 14:51:04.949830,Rainy,Brake Issue,1
16485,2,Hyundai Elantra,2023-12-10 14:51:04.949830,Rainy,Tire Issue,1
45482,2,Nissan Altima,2022-03-01 14:51:04.949830,Normal,None,1
87188,6,Volkswagen Jetta,2024-02-14 14:51:04.949830,Hot,Brake Issue,1
5748,9,Volkswagen Jetta,2022-10-09 14:51:04.949830,Normal,None,1
87769,1,Chevrolet Malibu,2023-02-03 14:51:04.949830,Rainy,None,1
10435,6,Nissan Altima,2024-01-22 14:51:04.949830,Normal,Brake Issue,1
4709,9,Hyundai Elantra,2023-06-28 14:51:04.949830,Cold,Brake Issue,1
31355,8,Subaru Outback,2024-06-13 14:51:04.949830,Hot,None,1
56771,6,Volkswagen Jetta,2024-06-29 14:51:04.949830,Normal,Transmission,1
58799,3,Mazda CX-5,2024-12-31 14:51:04.949830,Cold,Brake Issue,1
14116,8,Mazda CX-5,2024-03-01 14:51:04.949830,Hot,Tire Issue,1
26470,9,Toyota Corolla,2023-08-18 14:51:04.949830,Cold,Engine Noise,1
43344,1,Honda Civic,2023-03-08 14:51:04.949830,Hot,Battery Issue,1
43918,9,Subaru Outback,2023-11-19 14:51:04.949830,Normal,None,1
53224,6,Volkswagen Jetta,2022-04-04 14:51:04.949830,Cold,None,1
40298,6,Ford Focus,2023-12-27 14:51:04.949830,Rainy,Battery Issue,1
81219,4,Volkswagen Jetta,2022-12-01 14:51:04.949830,Cold,Transmission,1
62629,1,Toyota Corolla,2024-10-11 14:51:04.949830,Hot,Battery Issue,1
67040,8,Mazda CX-5,2024-06-23 14:51:04.949830,Normal,Brake Issue,1
29016,2,Hyundai Elantra,2023-06-11 14:51:04.949830,Hot,Battery Issue,1
24960,1,Ford Focus,2024-08-04 14:51:04.949830,Cold,None,0
34591,2,Nissan Altima,2024-12-26 14:51:04.949830,Cold,Battery Issue,1
83848,1,Kia Optima,2024-08-16 14:51:04.949830,Rainy,Engine Noise,1
68641,1,Hyundai Elantra,2024-06-12 14:51:04.949830,Normal,Tire Issue,1
37395,9,Kia Optima,2023-03-20 14:51:04.949830,Normal,Brake Issue,1
23700,1,Subaru Outback,2024-06-01 14:51:04.949830,Cold,Battery Issue,1
35620,4,Honda Civic,2024-12-28 14:51:04.949830,Normal,None,0
21559,6,Ford Focus,2023-07-14 14:51:04.949830,Rainy,Tire Issue,1
94045,7,Chevrolet Malibu,2022-06-12 14:51:04.949830,Hot,Brake Issue,1
94396,2,Ford Focus,2024-08-22 14:51:04.949830,Normal,None,1
62642,6,Volkswagen Jetta,2023-12-11 14:51:04.949830,Cold,Transmission,1
77539,7,Mazda CX-5,2023-06-01 14:51:04.949830,Hot,Engine Noise,1
22732,2,Volkswagen Jetta,2024-01-16 14:51:04.949830,Hot,Transmission,1
92362,2,Volkswagen Jetta,2022-11-07 14:51:04.949830,Rainy,Engine Noise,1
31354,7,Subaru Outback,2022-07-14 14:51:04.949830,Cold,Battery Issue,1
14843,1,Hyundai Elantra,2024-11-05 14:51:04.949830,Normal,Brake Issue,1
72726,8,Chevrolet Malibu,2023-09-24 14:51:04.949830,Cold,Battery Issue,1
18640,3,Chevrolet Malibu,2023-07-07 14:51:04.949830,Hot,Engine Noise,1
53528,6,Volkswagen Jetta,2023-01-03 14:51:04.949830,Cold,Engine Noise,1
39413,9,Kia Optima,2024-10-09 14:51:04.949830,Normal,Engine Noise,1
53638,6,Subaru Outback,2023-08-28 14:51:04.949830,Normal,Tire Issue,1
53736,9,Volkswagen Jetta,2024-05-04 14:51:04.949830,Rainy,None,1
69866,7,Honda Civic,2023-12-01 14:51:04.949830,Normal,Brake Issue,1
20087,9,Mazda CX-5,2023-06-02 14:51:04.949830,Normal,Battery Issue,1
42430,2,Hyundai Elantra,2024-04-26 14:51:04.949830,Cold,Battery Issue,1
25504,8,Nissan Altima,2022-10-19 14:51:04.949830,Cold,Transmission,1
8114,8,Honda Civic,2023-03-27 14:51:04.949830,Hot,Engine Noise,1
79859,2,Kia Optima,2022-06-15 14:51:04.949830,Rainy,Engine Noise,1
11975,4,Ford Focus,2023-07-07 14:51:04.949830,Cold,Engine Noise,1
12023,7,Ford Focus,2022-07-15 14:51:04.949830,Normal,Battery Issue,1
22447,4,Honda Civic,2022-08-10 14:51:04.949830,Hot,Transmission,1
91469,4,Volkswagen Jetta,2022-09-02 14:51:04.949830,Cold,None,1
24959,6,Nissan Altima,2023-05-18 14:51:04.949830,Rainy,Tire Issue,1
67203,6,Toyota Corolla,2023-11-30 14:51:04.949830,Rainy,Brake Issue,1
30703,3,Toyota Corolla,2024-12-23 14:51:04.949830,Hot,None,0
10337,9,Kia Optima,2024-04-08 14:51:04.949830,Hot,Battery Issue,1
47427,2,Volkswagen Jetta,2022-08-20 14:51:04.949830,Hot,Tire Issue,1
62529,6,Chevrolet Malibu,2024-03-22 14:51:04.949830,Hot,Tire Issue,1
85665,7,Chevrolet Malibu,2022-03-23 14:51:04.949830,Hot,Tire Issue,1
32921,9,Hyundai Elantra,2022-10-23 14:51:04.949830,Normal,Engine Noise,1
34307,3,Nissan Altima,2024-10-26 14:51:04.949830,Normal,Brake Issue,1
28355,3,Nissan Altima,2024-12-02 14:51:04.949830,Cold,Battery Issue,1
5835,7,Ford Focus,2023-05-10 14:51:04.949830,Rainy,Battery Issue,1
21159,4,Subaru Outback,2022-07-04 14:51:04.949830,Normal,Tire Issue,1
48605,8,Kia Optima,2024-04-30 14:51:04.949830,Normal,Battery Issue,1
39088,7,Toyota Corolla,2024-07-25 14:51:04.949830,Normal,Brake Issue,1
79752,5,Kia Optima,2023-04-01 14:51:04.949830,Cold,Brake Issue,1
56284,7,Chevrolet Malibu,2022-09-28 14:51:04.949830,Hot,Transmission,1
58043,3,Chevrolet Malibu,2024-01-13 14:51:04.949830,Cold,Transmission,1
36547,2,Honda Civic,2024-11-24 14:51:04.949830,Rainy,None,0
98007,6,Hyundai Elantra,2023-02-27 14:51:04.949830,Rainy,Brake Issue,1
83844,2,Nissan Altima,2024-01-16 14:51:04.949830,Rainy,Brake Issue,1
28532,3,Mazda CX-5,2023-04-14 14:51:04.949830,Rainy,Brake Issue,1
35349,6,Kia Optima,2024-01-04 14:51:04.949830,Normal,Transmission,1
46445,5,Chevrolet Malibu,2024-11-05 14:51:04.949830,Normal,Tire Issue,1
6713,8,Subaru Outback,2022-07-17 14:51:04.949830,Cold,Tire Issue,1
57178,9,Ford Focus,2022-09-10 14:51:04.949830,Hot,Battery Issue,1
50407,3,Toyota Corolla,2024-12-05 14:51:04.949830,Rainy,Tire Issue,1
71340,3,Hyundai Elantra,2024-01-06 14:51:04.949830,Cold,Engine Noise,1
51990,3,Subaru Outback,2022-02-17 14:51:04.949830,Normal,Transmission,1
76672,6,Hyundai Elantra,2024-07-31 14:51:04.949830,Normal,Brake Issue,1
66545,1,Honda Civic,2024-06-19 14:51:04.949830,Hot,Tire Issue,1
85791,7,Mazda CX-5,2024-12-09 14:51:04.949830,Hot,Transmission,1
59141,1,Chevrolet Malibu,2024-01-14 14:51:04.949830,Hot,Tire Issue,1
24793,5,Ford Focus,2022-12-22 14:51:04.949830,Cold,None,1
57570,8,Subaru Outback,2024-08-19 14:51:04.949830,Normal,Brake Issue,1
96084,4,Hyundai Elantra,2022-03-30 14:51:04.949830,Normal,None,1
38892,5,Nissan Altima,2023-01-11 14:51:04.949830,Hot,Brake Issue,1
2015,4,Honda Civic,2024-11-09 14:51:04.949830,Rainy,Transmission,1
62813,4,Nissan Altima,2024-03-24 14:51:04.949830,Hot,Battery Issue,1
28712,8,Ford Focus,2022-06-18 14:51:04.949830,Cold,Tire Issue,1
9415,2,Subaru Outback,2022-11-07 14:51:04.949830,Hot,Tire Issue,1
63292,1,Honda Civic,2024-03-27 14:51:04.949830,Hot,Engine Noise,1
24833,3,Subaru Outback,2024-06-28 14:51:04.949830,Cold,None,0
5158,9,Chevrolet Malibu,2024-11-17 14:51:04.949830,Hot,Tire Issue,1
63680,4,Volkswagen Jetta,2022-06-16 14:51:04.949830,Normal,Transmission,1
21309,5,Honda Civic,2022-05-30 14:51:04.949830,Rainy,Battery Issue,1
7970,2,Nissan Altima,2024-02-21 14:51:04.949830,Hot,Transmission,1
73474,4,Ford Focus,2024-02-14 14:51:04.949830,Cold,None,1
87704,2,Mazda CX-5,2023-04-19 14:51:04.949830,Rainy,Engine Noise,1
47540,2,Chevrolet Malibu,2024-04-17 14:51:04.949830,Cold,Tire Issue,1
21384,4,Volkswagen Jetta,2024-03-04 14:51:04.949830,Rainy,Transmission,1
19017,6,Mazda CX-5,2023-06-08 14:51:04.949830,Rainy,Brake Issue,1
76880,7,Toyota Corolla,2023-09-01 14:51:04.949830,Hot,Battery Issue,1
9702,3,Chevrolet Malibu,2023-12-27 14:51:04.949830,Normal,Transmission,1
1384,3,Ford Focus,2022-08-31 14:51:04.949830,Hot,Battery Issue,1
1404,6,Hyundai Elantra,2022-10-07 14:51:04.949830,Cold,Tire Issue,1
41943,3,Honda Civic,2022-04-08 14:51:04.949830,Cold,Brake Issue,1
48926,2,Subaru Outback,2023-05-25 14:51:04.949830,Rainy,Engine Noise,1
30189,8,Ford Focus,2023-02-26 14:51:04.949830,Rainy,Engine Noise,1
13763,5,Honda Civic,2023-09-11 14:51:04.949830,Normal,Brake Issue,1
19384,1,Mazda CX-5,2023-09-15 14:51:04.949830,Hot,Battery Issue,1
61100,3,Subaru Outback,2023-01-27 14:51:04.949830,Cold,Tire Issue,1
99142,8,Kia Optima,2023-08-27 14:51:04.949830,Rainy,Transmission,1
10860,4,Nissan Altima,2023-12-24 14:51:04.949830,Normal,Brake Issue,1
81642,7,Toyota Corolla,2024-03-28 14:51:04.949830,Cold,None,1
51612,2,Chevrolet Malibu,2022-11-13 14:51:04.949830,Rainy,Battery Issue,1
24574,7,Ford Focus,2022-09-05 14:51:04.949830,Cold,Engine Noise,1
24524,5,Toyota Corolla,2023-07-18 14:51:04.949830,Normal,Brake Issue,1
70172,5,Hyundai Elantra,2023-04-09 14:51:04.949830,Normal,Engine Noise,1
11916,6,Honda Civic,2023-06-29 14:51:04.949830,Cold,Battery Issue,1
5809,9,Honda Civic,2022-09-17 14:51:04.949830,Hot,Engine Noise,1
33201,6,Ford Focus,2022-12-09 14:51:04.949830,Cold,Brake Issue,1
54330,8,Volkswagen Jetta,2023-10-30 14:51:04.949830,Rainy,Battery Issue,1
14456,7,Volkswagen Jetta,2024-01-20 14:51:04.949830,Hot,None,1
57397,9,Kia Optima,2024-09-16 14:51:04.949830,Rainy,Brake Issue,1
39765,4,Nissan Altima,2023-01-06 14:51:04.949830,Cold,Transmission,1
35816,2,Subaru Outback,2023-03-09 14:51:04.949830,Hot,Tire Issue,1
46106,7,Hyundai Elantra,2023-11-24 14:51:04.949830,Rainy,Brake Issue,1
54932,6,Toyota Corolla,2024-10-17 14:51:04.949830,Cold,Battery Issue,1
18100,1,Volkswagen Jetta,2024-11-15 14:51:04.949830,Cold,Tire Issue,1
58091,9,Kia Optima,2023-08-24 14:51:04.949830,Hot,Brake Issue,1
22949,9,Kia Optima,2022-12-07 14:51:04.949830,Cold,None,1
71080,2,Ford Focus,2024-05-06 14:51:04.949830,Normal,None,1
38744,3,Hyundai Elantra,2024-09-04 14:51:04.949830,Rainy,Transmission,1
46543,5,Mazda CX-5,2022-08-26 14:51:04.949830,Rainy,Engine Noise,1
93193,5,Subaru Outback,2022-10-18 14:51:04.949830,Cold,Tire Issue,1
37187,1,Nissan Altima,2024-10-21 14:51:04.949830,Cold,Battery Issue,1
8239,8,Chevrolet Malibu,2022-05-05 14:51:04.949830,Normal,Battery Issue,1
15489,8,Ford Focus,2022-10-17 14:51:04.949830,Hot,Engine Noise,1
59017,4,Subaru Outback,2022-03-27 14:51:04.949830,Cold,None,1
62877,7,Chevrolet Malibu,2022-05-19 14:51:04.949830,Cold,None,1
44125,3,Chevrolet Malibu,2022-06-28 14:51:04.949830,Cold,Brake Issue,1
50922,6,Hyundai Elantra,2024-09-18 14:51:04.949830,Cold,Transmission,1
95074,9,Hyundai Elantra,2022-02-20 14:51:04.949830,Rainy,Tire Issue,1
33049,1,Toyota Corolla,2022-04-15 14:51:04.949830,Cold,Transmission,1
38131,5,Kia Optima,2022-07-07 14:51:04.949830,Rainy,Transmission,1
43944,4,Subaru Outback,2023-04-13 14:51:04.949830,Cold,Brake Issue,1
74963,8,Ford Focus,2023-02-03 14:51:04.949830,Hot,Transmission,1
25285,1,Honda Civic,2022-09-10 14:51:04.949830,Normal,Engine Noise,1
38626,9,Ford Focus,2024-12-27 14:51:04.949830,Hot,Brake Issue,1
43808,6,Toyota Corolla,2024-05-20 14:51:04.949830,Cold,Engine Noise,1
89464,4,Nissan Altima,2023-10-20 14:51:04.949830,Cold,Brake Issue,1
54871,9,Kia Optima,2022-05-30 14:51:04.949830,Cold,Transmission,1
20198,5,Honda Civic,2023-05-07 14:51:04.949830,Hot,Engine Noise,1
20758,5,Volkswagen Jetta,2024-03-20 14:51:04.949830,Cold,Engine Noise,1
16254,5,Nissan Altima,2022-11-06 14:51:04.949830,Hot,Engine Noise,1
45238,1,Hyundai Elantra,2022-05-29 14:51:04.949830,Rainy,Brake Issue,1
2252,1,Chevrolet Malibu,2024-11-09 14:51:04.949830,Normal,Battery Issue,1
40764,8,Volkswagen Jetta,2024-07-05 14:51:04.949830,Normal,Transmission,1
78709,8,Ford Focus,2024-08-30 14:51:04.949830,Hot,Engine Noise,1
38441,6,Ford Focus,2024-04-09 14:51:04.949830,Rainy,Tire Issue,1
93234,4,Hyundai Elantra,2024-03-11 14:51:04.949830,Hot,Battery Issue,1
54682,2,Toyota Corolla,2023-01-02 14:51:04.949830,Rainy,Tire Issue,1
60494,2,Subaru Outback,2024-04-15 14:51:04.949830,Cold,Transmission,1
82317,9,Volkswagen Jetta,2024-11-17 14:51:04.949830,Rainy,Transmission,1
66215,5,Volkswagen Jetta,2024-11-26 14:51:04.949830,Rainy,Engine Noise,1
79587,4,Mazda CX-5,2024-08-17 14:51:04.949830,Rainy,Engine Noise,1
7949,1,Nissan Altima,2023-07-23 14:51:04.949830,Normal,Brake Issue,1
56393,7,Kia Optima,2023-06-30 14:51:04.949830,Rainy,Battery Issue,1
74553,3,Nissan Altima,2023-05-06 14:51:04.949830,Cold,Battery Issue,1
7941,6,Subaru Outback,2024-03-09 14:51:04.949830,Cold,Engine Noise,1
26934,5,Ford Focus,2022-11-02 14:51:04.949830,Cold,Transmission,1
24386,5,Ford Focus,2022-09-22 14:51:04.949830,Rainy,Engine Noise,1
62886,5,Ford Focus,2024-10-12 14:51:04.949830,Hot,Transmission,1
76745,1,Mazda CX-5,2022-08-20 14:51:04.949830,Hot,Transmission,1
84251,1,Ford Focus,2022-10-11 14:51:04.949830,Cold,Engine Noise,1
95456,3,Subaru Outback,2024-09-02 14:51:04.949830,Normal,None,1
54413,4,Hyundai Elantra,2022-03-24 14:51:04.949830,Hot,Battery Issue,1
57800,5,Kia Optima,2022-04-12 14:51:04.949830,Rainy,Tire Issue,1
98239,2,Subaru Outback,2024-09-30 14:51:04.949830,Hot,Transmission,1
43318,8,Kia Optima,2023-07-20 14:51:04.949830,Cold,Transmission,1
71173,2,Subaru Outback,2022-02-19 14:51:04.949830,Normal,None,1
71390,9,Ford Focus,2023-03-27 14:51:04.949830,Hot,Tire Issue,1
53329,2,Hyundai Elantra,2023-11-19 14:51:04.949830,Hot,Brake Issue,1
44088,9,Volkswagen Jetta,2023-04-28 14:51:04.949830,Cold,None,1
40811,7,Nissan Altima,2024-05-01 14:51:04.949830,Normal,Tire Issue,1
56479,8,Chevrolet Malibu,2024-10-22 14:51:04.949830,Normal,None,1
86392,2,Hyundai Elantra,2023-10-10 14:51:04.949830,Cold,Transmission,1
88369,7,Volkswagen Jetta,2024-11-02 14:51:04.949830,Rainy,Battery Issue,1
20963,6,Toyota Corolla,2023-10-04 14:51:04.949830,Hot,None,1
56123,4,Subaru Outback,2023-11-30 14:51:04.949830,Rainy,Brake Issue,1
93705,7,Toyota Corolla,2022-10-15 14:51:04.949830,Hot,Engine Noise,1
74477,4,Volkswagen Jetta,2022-08-06 14:51:04.949830,Hot,Tire Issue,1
15388,2,Hyundai Elantra,2023-01-22 14:51:04.949830,Rainy,None,1
6569,7,Subaru Outback,2023-10-18 14:51:04.949830,Cold,None,1
70836,8,Chevrolet Malibu,2023-04-05 14:51:04.949830,Cold,Brake Issue,1
37586,2,Ford Focus,2023-03-17 14:51:04.949830,Hot,Battery Issue,1
13015,5,Subaru Outback,2023-09-10 14:51:04.949830,Cold,None,1
46002,1,Subaru Outback,2023-05-31 14:51:04.949830,Hot,None,1
7254,7,Hyundai Elantra,2023-10-25 14:51:04.949830,Cold,Battery Issue,1
18144,8,Hyundai Elantra,2023-09-20 14:51:04.949830,Hot,Brake Issue,1
25214,6,Volkswagen Jetta,2023-04-12 14:51:04.949830,Cold,Tire Issue,1
81719,5,Honda Civic,2023-05-08 14:51:04.949830,Normal,Tire Issue,1
72774,6,Subaru Outback,2022-03-12 14:51:04.949830,Rainy,None,1
7090,2,Nissan Altima,2023-03-27 14:51:04.949830,Normal,Battery Issue,1
12637,1,Subaru Outback,2022-12-21 14:51:04.949830,Rainy,None,1
23415,7,Volkswagen Jetta,2024-04-03 14:51:04.949830,Rainy,Engine Noise,1
25071,7,Kia Optima,2023-01-27 14:51:04.949830,Hot,Tire Issue,1
59243,2,Toyota Corolla,2023-04-20 14:51:04.949830,Rainy,Transmission,1
42240,2,Ford Focus,2024-05-27 14:51:04.949830,Normal,Engine Noise,1
84807,1,Honda Civic,2023-11-28 14:51:04.949830,Normal,None,1
34434,8,Chevrolet Malibu,2022-06-24 14:51:04.949830,Cold,Brake Issue,1
70724,8,Chevrolet Malibu,2023-09-06 14:51:04.949830,Normal,Tire Issue,1
76697,1,Chevrolet Malibu,2022-05-19 14:51:04.949830,Cold,Transmission,1
29732,8,Hyundai Elantra,2023-04-24 14:51:04.949830,Rainy,Engine Noise,1
12314,9,Chevrolet Malibu,2022-04-03 14:51:04.949830,Normal,Tire Issue,1
24954,4,Ford Focus,2024-09-24 14:51:04.949830,Rainy,Battery Issue,1
58108,1,Toyota Corolla,2022-06-30 14:51:04.949830,Normal,Brake Issue,1
88044,1,Chevrolet Malibu,2023-03-15 14:51:04.949830,Normal,Engine Noise,1
88505,3,Subaru Outback,2022-03-19 14:51:04.949830,Cold,Battery Issue,1
37668,5,Subaru Outback,2024-06-25 14:51:04.949830,Rainy,None,0
24061,5,Hyundai Elantra,2024-05-15 14:51:04.949830,Normal,Battery Issue,1
80252,9,Ford Focus,2022-12-21 14:51:04.949830,Hot,Engine Noise,1
40749,2,Toyota Corolla,2024-08-23 14:51:04.949830,Rainy,Engine Noise,1
17907,2,Honda Civic,2024-09-21 14:51:04.949830,Rainy,None,0
19777,6,Volkswagen Jetta,2023-12-02 14:51:04.949830,Rainy,Battery Issue,1
94229,9,Toyota Corolla,2024-01-20 14:51:04.949830,Cold,Battery Issue,1
52745,1,Volkswagen Jetta,2024-09-02 14:51:04.949830,Hot,None,1
92865,9,Kia Optima,2022-06-04 14:51:04.949830,Rainy,Battery Issue,1
82818,9,Volkswagen Jetta,2024-12-29 14:51:04.949830,Normal,Tire Issue,1
24624,9,Nissan Altima,2024-07-06 14:51:04.949830,Normal,None,1
24321,5,Subaru Outback,2024-02-22 14:51:04.949830,Cold,Brake Issue,1
11488,9,Ford Focus,2024-07-26 14:51:04.949830,Normal,Engine Noise,1
23574,4,Mazda CX-5,2022-04-21 14:51:04.949830,Rainy,Brake Issue,1
6240,2,Hyundai Elantra,2023-10-26 14:51:04.949830,Normal,Tire Issue,1
44221,6,Nissan Altima,2022-06-16 14:51:04.949830,Rainy,Tire Issue,1
11478,4,Volkswagen Jetta,2024-08-29 14:51:04.949830,Normal,Transmission,1
56645,6,Chevrolet Malibu,2022-12-21 14:51:04.949830,Hot,Transmission,1
20262,3,Ford Focus,2022-07-02 14:51:04.949830,Cold,Transmission,1
53796,6,Nissan Altima,2024-10-16 14:51:04.949830,Cold,None,1
5432,2,Hyundai Elantra,2024-05-23 14:51:04.949830,Hot,Battery Issue,1
96257,2,Subaru Outback,2024-06-26 14:51:04.949830,Hot,Tire Issue,1
65291,9,Ford Focus,2023-07-07 14:51:04.949830,Cold,Brake Issue,1
80104,7,Hyundai Elantra,2024-05-17 14:51:04.949830,Hot,Brake Issue,1
60399,3,Kia Optima,2022-10-08 14:51:04.949830,Rainy,Brake Issue,1
80714,1,Kia Optima,2022-07-07 14:51:04.949830,Normal,Brake Issue,1
51428,8,Hyundai Elantra,2024-03-28 14:51:04.949830,Cold,Transmission,1
88731,6,Nissan Altima,2023-04-18 14:51:04.949830,Hot,Brake Issue,1
1302,7,Ford Focus,2022-09-14 14:51:04.949830,Rainy,Battery Issue,1
83558,9,Nissan Altima,2024-12-31 14:51:04.949830,Cold,Transmission,1
1055,5,Honda Civic,2024-11-07 14:51:04.949830,Hot,Brake Issue,1
9717,1,Volkswagen Jetta,2024-03-18 14:51:04.949830,Cold,None,0
29699,7,Honda Civic,2022-03-23 14:51:04.949830,Hot,Engine Noise,1
74686,5,Kia Optima,2022-10-23 14:51:04.949830,Cold,Engine Noise,1
68661,3,Subaru Outback,2022-10-19 14:51:04.949830,Rainy,Engine Noise,1
45247,9,Toyota Corolla,2024-07-08 14:51:04.949830,Rainy,Transmission,1
17748,1,Volkswagen Jetta,2023-08-07 14:51:04.949830,Normal,Brake Issue,1
5621,1,Kia Optima,2024-07-30 14:51:04.949830,Cold,Tire Issue,1
16034,1,Nissan Altima,2024-05-11 14:51:04.949830,Normal,Tire Issue,1
6126,3,Nissan Altima,2023-07-26 14:51:04.949830,Cold,Tire Issue,1
6122,6,Nissan Altima,2023-11-28 14:51:04.949830,Hot,Transmission,1
19030,3,Subaru Outback,2022-11-15 14:51:04.949830,Hot,Battery Issue,1
83838,8,Honda Civic,2024-12-23 14:51:04.949830,Normal,None,1
85717,2,Toyota Corolla,2023-03-21 14:51:04.949830,Cold,None,1
56658,9,Nissan Altima,2023-04-26 14:51:04.949830,Normal,Engine Noise,1
39638,3,Mazda CX-5,2023-08-31 14:51:04.949830,Rainy,Engine Noise,1
68067,5,Volkswagen Jetta,2024-02-16 14:51:04.949830,Normal,Tire Issue,1
89869,8,Ford Focus,2023-11-19 14:51:04.949830,Normal,Tire Issue,1
35674,2,Mazda CX-5,2023-09-06 14:51:04.949830,Hot,Engine Noise,1
36854,6,Toyota Corolla,2022-06-15 14:51:04.949830,Normal,Brake Issue,1
47271,5,Subaru Outback,2023-04-28 14:51:04.949830,Cold,Battery Issue,1
74688,9,Toyota Corolla,2023-01-30 14:51:04.949830,Hot,Battery Issue,1
39518,5,Ford Focus,2024-02-13 14:51:04.949830,Normal,Battery Issue,1
11267,2,Volkswagen Jetta,2023-03-30 14:51:04.949830,Rainy,Battery Issue,1
91825,5,Ford Focus,2022-05-31 14:51:04.949830,Normal,Engine Noise,1
2062,4,Hyundai Elantra,2023-11-15 14:51:04.949830,Normal,None,1
51448,7,Volkswagen Jetta,2022-08-02 14:51:04.949830,Normal,Engine Noise,1
96462,6,Toyota Corolla,2024-08-31 14:51:04.949830,Hot,Battery Issue,1
7229,2,Nissan Altima,2022-06-20 14:51:04.949830,Cold,Engine Noise,1
57793,5,Toyota Corolla,2023-07-25 14:51:04.949830,Rainy,Battery Issue,1
48915,7,Toyota Corolla,2024-11-21 14:51:04.949830,Normal,Transmission,1
5632,7,Volkswagen Jetta,2023-03-31 14:51:04.949830,Cold,Tire Issue,1
4596,5,Hyundai Elantra,2023-11-09 14:51:04.949830,Cold,None,1
7168,9,Toyota Corolla,2023-12-30 14:51:04.949830,Hot,Transmission,1
8561,4,Mazda CX-5,2023-07-07 14:51:04.949830,Rainy,Brake Issue,1
74794,3,Kia Optima,2024-07-07 14:51:04.949830,Hot,Engine Noise,1
83152,4,Chevrolet Malibu,2023-08-02 14:51:04.949830,Cold,Brake Issue,1
27734,5,Chevrolet Malibu,2023-08-18 14:51:04.949830,Cold,Engine Noise,1
7371,6,Toyota Corolla,2023-02-01 14:51:04.949830,Cold,Tire Issue,1
27069,3,Mazda CX-5,2022-12-28 14:51:04.949830,Hot,Transmission,1
80905,2,Nissan Altima,2024-07-16 14:51:04.949830,Rainy,Tire Issue,1
13910,4,Subaru Outback,2024-03-31 14:51:04.949830,Normal,Battery Issue,1
74479,5,Subaru Outback,2023-01-16 14:51:04.949830,Hot,Tire Issue,1
78735,4,Volkswagen Jetta,2024-09-23 14:51:04.949830,Cold,Tire Issue,1
82264,3,Chevrolet Malibu,2022-10-15 14:51:04.949830,Hot,Battery Issue,1
24275,8,Toyota Corolla,2023-03-04 14:51:04.949830,Cold,Engine Noise,1
73274,4,Subaru Outback,2024-10-27 14:51:04.949830,Normal,Battery Issue,1
82449,2,Toyota Corolla,2022-10-06 14:51:04.949830,Normal,Transmission,1
61004,2,Volkswagen Jetta,2024-02-19 14:51:04.949830,Rainy,Tire Issue,1
63981,1,Chevrolet Malibu,2023-07-10 14:51:04.949830,Cold,Battery Issue,1
85659,4,Ford Focus,2024-02-17 14:51:04.949830,Rainy,Tire Issue,1
55553,9,Kia Optima,2023-08-04 14:51:04.949830,Rainy,Transmission,1
49447,7,Kia Optima,2024-06-10 14:51:04.949830,Normal,Brake Issue,1
35529,7,Subaru Outback,2023-04-23 14:51:04.949830,Hot,Transmission,1
76703,7,Kia Optima,2024-02-29 14:51:04.949830,Hot,None,1
77090,8,Ford Focus,2025-01-14 14:51:04.949830,Rainy,None,1
18260,1,Toyota Corolla,2024-06-25 14:51:04.949830,Normal,None,0
4812,8,Volkswagen Jetta,2024-12-08 14:51:04.949830,Cold,Tire Issue,1
29024,4,Ford Focus,2024-11-19 14:51:04.949830,Hot,Engine Noise,1
